bag	section	Top_depth	Bottom_depth	Center_depth	number_grains	e1	e1_weighted	e2	e2_weighted	e3	e3_weighted
203	1	111.1	111.19	111.15	814	0.206199	0.177432	0.278516	0.282642	0.515285	0.539927
203	2	111.19	111.28	111.24	403	0.212429	0.209158	0.256304	0.244297	0.531267	0.546545
203	3	111.28	111.38	111.33	1320	0.210208	0.190255	0.284137	0.273131	0.505654	0.536613
216	1	118.25	118.34	118.3	1418	0.223402	0.203068	0.260919	0.248231	0.515679	0.548701
216	2	118.34	118.43	118.39	480	0.196948	0.186845	0.272547	0.261362	0.530505	0.551792
216	3	118.43	118.53	118.48	532	0.235517	0.215122	0.27496	0.244015	0.489522	0.540863
216	4	118.53	118.62	118.57	1196	0.220991	0.228057	0.298551	0.258792	0.480457	0.513151
216	5	118.62	118.71	118.66	1293	0.213433	0.195048	0.290115	0.240998	0.496452	0.563954
216	6	118.71	118.8	118.75	1554	0.21506	0.195271	0.261876	0.244303	0.523064	0.560426
225	1	123.2	123.29	123.25	1381	0.22923	0.20033	0.287237	0.268485	0.483533	0.531185
225	2	123.29	123.38	123.34	1443	0.238965	0.216544	0.270267	0.262357	0.490768	0.5211
225	3	123.38	123.48	123.43	1293	0.231615	0.209767	0.258642	0.253449	0.509744	0.536784
225	4	123.48	123.57	123.52	993	0.212122	0.204751	0.24374	0.251006	0.544138	0.544243
225	5	123.57	123.66	123.61	1195	0.253506	0.207903	0.293137	0.264731	0.453357	0.527367
225	6	123.66	123.75	123.7	952	0.238007	0.246529	0.277915	0.267197	0.484078	0.486274
242	2	132.64	132.73	132.69	1251	0.229245	0.214077	0.259452	0.262318	0.511303	0.523605
243	3	133.28	133.38	133.33	1193	0.198693	0.185075	0.310903	0.295347	0.490404	0.519578
244	1	133.65	133.74	133.7	1161	0.24175	0.199043	0.31524	0.313006	0.44301	0.487951
245	1	134.2	134.29	134.25	1320	0.210181	0.210365	0.270981	0.238149	0.518838	0.551486
246	1	134.75	134.84	134.8	1228	0.229372	0.201957	0.264284	0.232621	0.506344	0.565422
247	1	135.3	135.39	135.35	1117	0.273126	0.244747	0.276702	0.25179	0.450173	0.503463
252	1	138.05	138.14	138.1	757	0.221557	0.21008	0.319936	0.270233	0.458507	0.519687
252	2	138.14	138.23	138.19	744	0.226082	0.201449	0.314993	0.290789	0.458925	0.507762
252	3	138.23	138.33	138.28	904	0.236793	0.214366	0.318224	0.292914	0.444984	0.492721
252	4	138.33	138.42	138.37	879	0.214792	0.185562	0.31013	0.27784	0.475078	0.536597
252	5	138.42	138.51	138.46	816	0.185401	0.17681	0.261367	0.239009	0.553232	0.584181
252	6	138.51	138.6	138.55	1192	0.204412	0.193175	0.291195	0.267459	0.504393	0.539365
253	1	138.6	138.69	138.65	1074	0.229704	0.193219	0.311799	0.296144	0.458496	0.510637
253	2	138.69	138.78	138.74	1019	0.22108	0.207614	0.319328	0.26149	0.459592	0.530896
253	3	138.78	138.88	138.83	1058	0.228605	0.219243	0.298486	0.258541	0.472908	0.522215
253	4	138.88	138.97	138.92	999	0.234234	0.219734	0.327662	0.284835	0.438104	0.495431
253	5	138.97	139.06	139.01	1130	0.236527	0.205427	0.285478	0.242706	0.477995	0.551868
266	1	145.75	145.84	145.8	1095	0.195126	0.167929	0.348699	0.302561	0.456174	0.52951
266	2	145.84	145.93	145.89	1352	0.17583	0.164497	0.334559	0.301904	0.489611	0.5336
266	3	145.93	146.03	145.98	1407	0.163434	0.146819	0.339905	0.318433	0.496661	0.534748
266	4	146.03	146.12	146.07	1394	0.197618	0.177455	0.302386	0.313532	0.499996	0.509013
266	5	146.12	146.21	146.16	1230	0.191453	0.166042	0.38427	0.352754	0.424277	0.481204
266	6	146.21	146.3	146.25	1273	0.19732	0.192462	0.32782	0.2966	0.474859	0.510939
293	1	160.6	160.69	160.65	879	0.20506	0.194008	0.364559	0.333332	0.430381	0.47266
293	2	160.69	160.78	160.74	1111	0.187796	0.179546	0.335885	0.304618	0.476319	0.515836
293	3	160.78	160.88	160.83	979	0.19703	0.190106	0.375301	0.310823	0.427669	0.499071
293	4	160.88	160.97	160.92	1216	0.190683	0.169022	0.319934	0.302235	0.489383	0.528742
293	5	160.97	161.06	161.01	840	0.190337	0.187966	0.331196	0.292028	0.478467	0.520006
293	6	161.06	161.15	161.1	661	0.223726	0.209877	0.373161	0.313469	0.403112	0.476654
294	1	161.15	161.24	161.2	1343	0.194218	0.179352	0.354188	0.326623	0.451593	0.494025
294	2	161.24	161.33	161.29	904	0.205038	0.178636	0.333991	0.31175	0.460971	0.509614
294	3	161.33	161.43	161.38	976	0.188355	0.186589	0.357378	0.31961	0.454267	0.493801
294	4	161.43	161.52	161.47	1203	0.186469	0.190561	0.340887	0.314954	0.472644	0.494485
294	5	161.52	161.61	161.56	892	0.228503	0.202257	0.330311	0.309906	0.441186	0.487838
294	6	161.61	161.7	161.65	999	0.19196	0.176417	0.356775	0.323267	0.451265	0.500315
296	1	162.25	162.34	162.3	1006	0.162812	0.165704	0.360725	0.324296	0.476463	0.510001
296	2	162.34	162.43	162.39	1117	0.19694	0.181547	0.336658	0.343012	0.466402	0.475441
296	3	162.43	162.53	162.48	1072	0.197354	0.182114	0.324717	0.329175	0.477929	0.488711
296	4	162.53	162.62	162.57	940	0.1646	0.156602	0.36987	0.346673	0.465531	0.496724
296	5	162.62	162.71	162.66	924	0.226446	0.185735	0.32327	0.320458	0.450284	0.493807
296	6	162.71	162.8	162.75	993	0.177412	0.162437	0.379095	0.34681	0.443493	0.490753
300	1	164.45	164.54	164.5	1253	0.192084	0.192823	0.312905	0.294403	0.495011	0.512773
300	2	164.54	164.63	164.59	936	0.230389	0.20935	0.320342	0.272929	0.449269	0.51772
300	3	164.63	164.73	164.68	867	0.230356	0.213314	0.319243	0.296414	0.450401	0.490272
300	4	164.73	164.82	164.77	763	0.228836	0.203578	0.342274	0.278173	0.428889	0.518249
300	5	164.82	164.91	164.86	1006	0.205679	0.196804	0.323703	0.303587	0.470618	0.499609
300	6	164.91	165	164.95	1060	0.199263	0.19656	0.359799	0.301738	0.440938	0.501703
301	1	165	165.09	165.05	1298	0.206799	0.223818	0.343879	0.29608	0.449322	0.480102
301	2	165.09	165.18	165.14	882	0.252524	0.208494	0.307348	0.27885	0.440128	0.512657
301	3	165.18	165.28	165.23	866	0.230356	0.204665	0.319936	0.298859	0.449709	0.496476
301	4	165.28	165.37	165.32	1255	0.214221	0.210981	0.307267	0.307598	0.478512	0.481421
301	5	165.37	165.46	165.41	1143	0.213055	0.199894	0.328177	0.299616	0.458768	0.50049
301	6	165.46	165.55	165.5	999	0.199197	0.200512	0.318746	0.29911	0.482057	0.500378
327	1	179.3	179.39	179.35	1163	0.204403	0.196268	0.387254	0.3438	0.408343	0.459932
327	2	179.39	179.48	179.44	876	0.232657	0.234512	0.372563	0.325513	0.39478	0.439976
327	3	179.48	179.58	179.53	1020	0.207117	0.193455	0.301857	0.309391	0.491026	0.497154
327	4	179.58	179.67	179.62	994	0.186836	0.20854	0.35873	0.327533	0.454434	0.463927
327	5	179.67	179.76	179.71	913	0.210281	0.209807	0.326824	0.320936	0.462896	0.469257
327	6	179.76	179.85	179.8	933	0.214364	0.220464	0.363445	0.339879	0.42219	0.439657
346	1	189.75	189.84	189.8	946	0.20593	0.161874	0.378826	0.379423	0.415244	0.458703
346	2	189.84	189.93	189.89	855	0.214912	0.178575	0.343999	0.362878	0.44109	0.458547
346	3	189.93	190.03	189.98	1062	0.156052	0.152696	0.392183	0.374863	0.451766	0.472441
346	4	190.03	190.12	190.07	1178	0.152563	0.14395	0.400146	0.393951	0.447291	0.462099
346	5	190.12	190.21	190.16	1027	0.160509	0.153206	0.396253	0.362696	0.443238	0.484098
346	6	190.21	190.3	190.25	826	0.185209	0.166556	0.384712	0.363987	0.430079	0.469457
356	1	195.25	195.34	195.3	796	0.20919	0.188914	0.375162	0.366871	0.415649	0.444214
356	2	195.34	195.43	195.39	845	0.233426	0.190869	0.357577	0.366056	0.408996	0.443075
356	3	195.43	195.53	195.48	986	0.188285	0.162883	0.37904	0.348122	0.432675	0.488995
356	4	195.53	195.62	195.57	921	0.187934	0.170094	0.389117	0.379299	0.422949	0.450607
356	5	195.62	195.71	195.66	1511	0.158759	0.150059	0.390024	0.358767	0.451217	0.491173
356	6	195.71	195.8	195.75	1016	0.198906	0.168375	0.342809	0.338252	0.458285	0.493372
375	1	205.7	205.79	205.75	1032	0.154823	0.158312	0.38992	0.375553	0.455257	0.466135
375	2	205.79	205.88	205.84	861	0.144386	0.158775	0.414909	0.375725	0.440704	0.4655
375	3	205.88	205.98	205.93	952	0.163603	0.154648	0.390692	0.372986	0.445705	0.472366
375	4	205.98	206.07	206.02	823	0.168739	0.16794	0.383305	0.338799	0.447956	0.49326
375	5	206.07	206.16	206.11	1020	0.1691	0.159352	0.399375	0.367535	0.431525	0.473112
375	6	206.16	206.25	206.2	942	0.162042	0.149065	0.40879	0.374745	0.429168	0.47619
387	1	212.3	212.39	212.35	993	0.12844	0.137667	0.367654	0.419273	0.503905	0.44306
387	2	212.39	212.48	212.44	1196	0.129622	0.1362	0.402572	0.410955	0.467806	0.452845
387	3	212.48	212.58	212.53	823	0.15219	0.146755	0.412993	0.412995	0.434817	0.44025
387	4	212.58	212.67	212.62	724	0.144488	0.148881	0.365964	0.417072	0.489547	0.434047
387	5	212.67	212.76	212.71	693	0.161666	0.1516	0.397553	0.397677	0.440781	0.450723
387	6	212.76	212.85	212.8	790	0.182514	0.159089	0.395324	0.39266	0.422163	0.448251
400	1	212.76	212.85	212.8	807	0.133283	0.135016	0.391509	0.406969	0.475209	0.458015
400	2	219.45	219.54	219.5	605	0.151072	0.15081	0.395373	0.380377	0.453555	0.468812
400	3	219.54	219.63	219.59	1107	0.139402	0.12308	0.393544	0.420585	0.467055	0.456335
415	1	227.7	227.79	227.75	876	0.127583	0.134612	0.367299	0.406176	0.505117	0.459212
415	2	227.79	227.88	227.84	1145	0.118639	0.125241	0.405229	0.424024	0.476131	0.450735
415	3	227.88	227.98	227.93	1390	0.142479	0.123075	0.416297	0.41693	0.441224	0.459995
415	4	227.98	228.07	228.02	947	0.133475	0.138381	0.400219	0.420977	0.466305	0.440642
415	5	228.07	228.16	228.11	777	0.164928	0.159654	0.362009	0.390507	0.473063	0.449839
415	6	228.16	228.25	228.2	1072	0.10859	0.100801	0.428461	0.431844	0.46295	0.467355
416	1	228.25	228.34	228.3	956	0.165584	0.140148	0.364378	0.411318	0.470038	0.448534
416	2	228.34	228.43	228.39	817	0.145447	0.141713	0.374242	0.399304	0.480312	0.458983
416	3	228.43	228.53	228.48	807	0.124956	0.144765	0.369427	0.405795	0.505616	0.44944
416	4	228.53	228.62	228.57	789	0.146893	0.143167	0.365138	0.411708	0.487969	0.445125
416	5	228.62	228.71	228.66	831	0.146982	0.16236	0.325255	0.399636	0.527764	0.438004
416	6	228.71	228.8	228.75	923	0.14792	0.154475	0.337129	0.383874	0.514951	0.461651
427	1	234.3	234.39	234.35	755	0.208041	0.166142	0.346031	0.405587	0.445928	0.42827
427	2	234.39	234.48	234.44	766	0.187294	0.163389	0.367911	0.403207	0.444795	0.433404
427	3	234.48	234.58	234.53	698	0.124711	0.135562	0.362303	0.410819	0.512987	0.45362
427	4	234.58	234.67	234.62	857	0.157439	0.153726	0.40667	0.401528	0.435891	0.444745
427	5	234.67	234.76	234.71	743	0.178769	0.157691	0.341133	0.405412	0.480099	0.436898
427	6	234.76	234.85	234.8	740	0.153341	0.144614	0.363403	0.395112	0.483256	0.460274
432	1	237.05	237.14	237.1	606	0.197036	0.194965	0.355735	0.36494	0.447229	0.440095
434	1	238.15	238.24	238.2	1072	0.177602	0.161059	0.398976	0.387601	0.423422	0.45134
436	1	239.25	239.34	239.3	1450	0.133182	0.133802	0.411934	0.380443	0.454884	0.485755
438	1	240.35	240.44	240.4	631	0.130691	0.14774	0.366567	0.389695	0.502742	0.462565
438	2	240.44	240.53	240.49	585	0.123922	0.144325	0.380323	0.410295	0.495755	0.44538
438	3	240.53	240.63	240.58	490	0.121889	0.133808	0.343315	0.414138	0.534796	0.452055
438	4	240.63	240.72	240.67	560	0.136331	0.159292	0.347229	0.367649	0.51644	0.473059
438	5	240.72	240.81	240.76	445	0.132527	0.167419	0.347335	0.405143	0.520137	0.427438
438	6	240.81	240.9	240.85	569	0.110528	0.123077	0.389794	0.399557	0.499678	0.477366
440	1	241.45	241.54	241.5	855	0.125281	0.120681	0.407472	0.419901	0.467247	0.459418
440	2	241.54	241.63	241.59	595	0.156363	0.159439	0.314435	0.373141	0.529202	0.46742
440	3	241.63	241.73	241.68	569	0.157869	0.163969	0.331434	0.385509	0.510697	0.450522
440	4	241.73	241.82	241.77	526	0.175483	0.167906	0.336686	0.356093	0.487831	0.476
440	5	241.82	241.91	241.86	504	0.119525	0.142687	0.331803	0.373471	0.548672	0.483842
440	6	241.91	242	241.95	736	0.123558	0.138718	0.34491	0.421888	0.531531	0.439394
442	1	242.55	242.64	242.6	1220	0.114164	0.112105	0.406273	0.429556	0.479563	0.458339
444	1	243.65	243.74	243.7	882	0.163038	0.140436	0.34089	0.395816	0.496072	0.463748
446	2	244.84	244.93	244.89	684	0.185561	0.178571	0.35243	0.367388	0.462009	0.454041
448	1	245.85	245.94	245.9	1005	0.150692	0.145487	0.399393	0.390391	0.449914	0.464122
450	1	246.95	247.04	247	1024	0.159906	0.146918	0.416545	0.407715	0.423549	0.445368
452	1	248.05	248.14	248.1	706	0.168496	0.172903	0.365916	0.378111	0.465587	0.448986
455	1	249.7	249.79	249.75	684	0.120038	0.127328	0.357291	0.400539	0.52267	0.472133
455	2	249.79	249.88	249.84	826	0.110511	0.140273	0.301385	0.414995	0.588104	0.444732
455	3	249.88	249.98	249.93	716	0.115391	0.124586	0.38215	0.428847	0.502459	0.446567
455	4	249.98	250.07	250.02	711	0.112784	0.117955	0.376071	0.425592	0.511145	0.456453
455	5	250.07	250.16	250.11	582	0.152322	0.148717	0.360399	0.393691	0.487278	0.457593
477	1	261.8	261.89	261.85	1015	0.106196	0.115506	0.373709	0.420819	0.520096	0.463675
477	2	261.89	261.98	261.94	630	0.164881	0.143741	0.368291	0.40566	0.466828	0.450599
477	3	261.98	262.08	262.03	906	0.134885	0.129525	0.379256	0.425961	0.48586	0.444514
477	4	262.08	262.17	262.11	653	0.127492	0.149129	0.389372	0.390094	0.483136	0.460777
477	6	262.26	262.35	262.3	741	0.131245	0.133272	0.367995	0.423298	0.50076	0.44343
486	1	266.75	266.84	266.8	917	0.124294	0.131625	0.369544	0.398334	0.506162	0.470041
486	2	266.84	266.93	266.89	838	0.0967815	0.09434	0.4045	0.422912	0.498719	0.482748
486	3	266.93	267.03	266.98	806	0.117059	0.121689	0.386406	0.426773	0.496535	0.451539
486	4	267.03	267.12	267.07	759	0.155932	0.149868	0.35154	0.413349	0.492529	0.436783
486	5	267.12	267.21	267.16	1268	0.0873339	0.0873108	0.393953	0.408225	0.518713	0.504464
486	6	267.21	267.3	267.25	1133	0.112717	0.106863	0.376207	0.428995	0.511077	0.464143
495	1	271.7	271.79	271.75	958	0.101195	0.101547	0.407494	0.424152	0.491311	0.4743
495	2	271.79	271.88	271.84	1397	0.102866	0.0947224	0.44129	0.433791	0.455845	0.471486
495	3	271.88	271.98	271.93	1202	0.0881811	0.0889083	0.427512	0.449771	0.484307	0.461321
495	4	271.98	272.07	272.02	813	0.125285	0.127993	0.390986	0.427222	0.483729	0.444784
495	5	272.07	272.16	272.11	644	0.123077	0.121502	0.407803	0.422337	0.46912	0.456161
495	6	272.16	272.25	272.2	668	0.120497	0.123386	0.397648	0.417907	0.481855	0.458707
504	1	276.65	276.74	276.7	1143	0.0993353	0.0956909	0.368481	0.420407	0.532183	0.483902
504	2	276.74	276.83	276.79	1091	0.115669	0.0956413	0.390716	0.415387	0.493615	0.488972
504	3	276.83	276.93	276.88	1042	0.109862	0.111339	0.403262	0.429761	0.486876	0.4589
504	4	276.93	277.02	276.97	918	0.111787	0.0945056	0.38021	0.391979	0.508003	0.513516
504	5	277.02	277.11	277.06	1236	0.0760978	0.0688704	0.41372	0.438487	0.510182	0.492642
504	6	277.11	277.2	277.15	1044	0.123195	0.103814	0.344945	0.400498	0.53186	0.495688
505	1	277.2	277.29	277.25	1084	0.0895216	0.0864889	0.390379	0.434411	0.5201	0.479101
505	2	277.29	277.38	277.34	1169	0.0853392	0.0961889	0.384453	0.4176	0.530208	0.486211
505	3	277.38	277.48	277.43	1000	0.0965592	0.0895151	0.364728	0.414597	0.538712	0.495888
505	4	277.48	277.57	277.52	689	0.129176	0.127113	0.385725	0.414306	0.485099	0.458581
505	5	277.57	277.66	277.61	686	0.0832718	0.105106	0.377362	0.419269	0.539366	0.475624
505	6	277.66	277.75	277.7	829	0.100569	0.101155	0.363254	0.402822	0.536177	0.496023
526	1	288.75	288.84	288.8	654	0.120696	0.127543	0.375032	0.413014	0.504272	0.459443
526	2	288.84	288.93	288.89	916	0.114034	0.0971634	0.392442	0.437974	0.493524	0.464863
526	3	288.93	289.03	288.98	597	0.127909	0.118151	0.368831	0.39924	0.50326	0.482609
526	4	289.03	289.12	289.07	891	0.12032	0.111492	0.387439	0.415163	0.492241	0.473344
526	5	289.12	289.21	289.16	906	0.101939	0.102994	0.356919	0.404747	0.541143	0.49226
526	6	289.21	289.3	289.25	760	0.112945	0.114604	0.421488	0.427385	0.465566	0.458011
535	1	293.7	293.79	293.75	877	0.10579	0.0958005	0.420028	0.420996	0.474182	0.483204
535	2	293.79	293.88	293.84	698	0.124982	0.128807	0.354572	0.400677	0.520446	0.470516
535	3	293.88	293.98	293.93	688	0.100435	0.0907193	0.394961	0.432236	0.504604	0.477044
535	4	293.98	294.07	294.02	786	0.0721749	0.0812834	0.380535	0.428643	0.54729	0.490074
535	5	294.07	294.16	294.11	699	0.10347	0.106143	0.399406	0.426615	0.497123	0.467242
535	6	294.16	294.25	294.2	624	0.119694	0.101841	0.401057	0.416322	0.479248	0.481838
550	1	301.95	302.04	302	794	0.122712	0.108565	0.385344	0.430393	0.491944	0.461043
550	2	302.04	302.13	302.09	736	0.0945788	0.101152	0.345755	0.418797	0.559666	0.480052
550	3	302.13	302.23	302.18	987	0.120563	0.109343	0.405852	0.43694	0.473585	0.453716
550	4	302.23	302.32	302.27	1069	0.10294	0.0996421	0.385233	0.426381	0.511827	0.473977
550	5	302.32	302.41	302.36	1009	0.10726	0.0991368	0.429255	0.446462	0.463485	0.454401
550	6	302.41	302.5	302.45	616	0.109173	0.11376	0.31941	0.395917	0.571417	0.490323
551	1	302.5	302.59	302.55	667	0.0835758	0.0795917	0.348852	0.399745	0.567573	0.520663
551	2	302.59	302.68	302.64	774	0.0710616	0.0675583	0.419011	0.423609	0.509928	0.508833
551	3	302.68	302.78	302.73	849	0.0868883	0.0912372	0.338311	0.364075	0.5748	0.544688
551	4	302.78	302.87	302.82	568	0.0965628	0.105288	0.313664	0.397769	0.589773	0.496943
551	5	302.87	302.96	302.91	995	0.066974	0.064897	0.359103	0.403624	0.573923	0.531479
551	6	302.96	303.05	303	762	0.0723435	0.0729677	0.342553	0.399155	0.585103	0.527877
566	1	310.75	310.84	310.8	1037	0.0807858	0.0637867	0.383428	0.437236	0.535786	0.498978
566	2	310.84	310.93	310.89	902	0.09267	0.0815097	0.354586	0.415593	0.552744	0.502898
566	3	310.93	311.03	310.98	718	0.0728815	0.0957816	0.368459	0.376991	0.55866	0.527227
566	4	311.03	311.12	311.07	841	0.0852383	0.0755586	0.382164	0.413007	0.532598	0.511435
566	5	311.12	311.21	311.16	1363	0.0648591	0.0673549	0.404194	0.437584	0.530947	0.495061
566	6	311.21	311.3	311.25	1112	0.0647004	0.0672839	0.401036	0.438753	0.534264	0.493963
582	1	319.55	319.64	319.6	787	0.0758326	0.080246	0.407373	0.436337	0.516794	0.483417
582	2	319.64	319.73	319.69	773	0.100826	0.0972229	0.377486	0.434959	0.521687	0.467818
582	3	319.73	319.83	319.78	602	0.100781	0.103957	0.346806	0.42893	0.552413	0.467112
582	4	319.83	319.92	319.87	696	0.0784418	0.0883978	0.422135	0.433624	0.499423	0.477978
582	5	319.92	320.01	319.96	1037	0.0962599	0.0849589	0.384113	0.430327	0.519627	0.484715
582	6	320.01	320.1	320.05	542	0.107893	0.105615	0.380808	0.424709	0.511298	0.469676
583	1	320.1	320.19	320.15	611	0.0952384	0.0946537	0.388616	0.423922	0.516146	0.481424
583	2	320.19	320.28	320.24	686	0.124522	0.114752	0.408845	0.42224	0.466633	0.463008
583	3	320.28	320.38	320.33	668	0.0818554	0.0996115	0.327083	0.426357	0.591061	0.474031
583	4	320.38	320.47	320.42	649	0.0904605	0.105626	0.317573	0.43133	0.591967	0.463043
583	5	320.47	320.56	320.51	601	0.103376	0.109196	0.364461	0.444572	0.532162	0.446231
583	6	320.56	320.65	320.6	521	0.0854985	0.11638	0.377226	0.433224	0.537275	0.450395
596	1	327.25	327.34	327.3	740	0.0791433	0.0789065	0.336968	0.407052	0.583889	0.514042
596	2	327.34	327.43	327.39	654	0.0968945	0.0854682	0.380441	0.397438	0.522664	0.517094
596	3	327.43	327.53	327.48	813	0.081475	0.0878527	0.346208	0.382035	0.572317	0.530113
596	4	327.53	327.62	327.57	795	0.0728466	0.072287	0.373098	0.413741	0.554055	0.513972
596	5	327.62	327.71	327.66	938	0.0678052	0.0570367	0.335785	0.403491	0.59641	0.539473
596	6	327.71	327.8	327.75	608	0.0893837	0.0971018	0.317207	0.405783	0.593409	0.497115
597	1	327.8	327.89	327.85	796	0.0562285	0.0612837	0.360465	0.42289	0.583307	0.515826
597	2	327.89	327.98	327.94	693	0.0726596	0.0673728	0.330308	0.417822	0.597032	0.514806
597	3	327.98	328.08	328.03	819	0.0692857	0.0669326	0.400948	0.447315	0.529767	0.485752
597	4	328.08	328.17	328.12	1031	0.0618142	0.0590269	0.34179	0.432414	0.596396	0.508559
597	5	328.17	328.26	328.21	520	0.0671011	0.0814511	0.333906	0.408257	0.598993	0.510292
597	6	328.26	328.35	328.3	696	0.0865877	0.0821853	0.358487	0.377061	0.554925	0.540754
599	1	306.9	306.99	306.95	531	0.094259	0.0852997	0.311389	0.402269	0.594352	0.512431
599	2	306.99	307.08	307.04	431	0.105253	0.105945	0.357305	0.39788	0.537442	0.496174
599	3	307.08	307.18	307.13	897	0.0780527	0.0796755	0.324015	0.390824	0.597933	0.5295
616	1	338.25	338.34	338.3	964	0.0919739	0.0810004	0.396802	0.421459	0.511224	0.49754
616	2	338.34	338.43	338.39	657	0.0852098	0.079831	0.390456	0.430467	0.524334	0.489702
616	3	338.43	338.53	338.48	1268	0.063656	0.0627193	0.400618	0.425011	0.535726	0.512269
616	4	338.53	338.62	338.57	796	0.0825737	0.0815248	0.406759	0.426718	0.510668	0.491757
616	5	338.62	338.71	338.66	929	0.0626348	0.0721015	0.361802	0.410246	0.575563	0.517653
616	6	338.71	338.8	338.75	1109	0.0789448	0.0596415	0.375535	0.415197	0.54552	0.525161
636	1	349.25	349.34	349.3	779	0.0855498	0.0929995	0.401883	0.421284	0.512567	0.485716
636	2	349.34	349.43	349.39	926	0.0657756	0.0694251	0.387723	0.445628	0.546501	0.484947
636	3	349.43	349.53	349.48	696	0.0711422	0.0722037	0.356389	0.44714	0.572469	0.480657
636	4	349.53	349.62	349.57	852	0.0680202	0.0712157	0.409885	0.413227	0.522095	0.515557
636	5	349.62	349.71	349.66	594	0.0824534	0.0992622	0.393359	0.429551	0.524188	0.471187
636	6	349.71	349.8	349.75	751	0.0734105	0.0755694	0.424109	0.445826	0.50248	0.478604
646	1	354.75	354.84	354.8	385	0.0772537	0.141476	0.363412	0.378625	0.559334	0.479899
646	2	354.84	354.93	354.89	579	0.0853965	0.109929	0.340698	0.403549	0.573906	0.486522
646	3	354.93	355.03	354.98	828	0.0635387	0.0667454	0.348599	0.392746	0.587863	0.540508
646	4	355.03	355.12	355.07	726	0.0774409	0.0785674	0.346216	0.388512	0.576343	0.53292
646	5	355.12	355.21	355.16	949	0.061821	0.0558188	0.369538	0.406357	0.568641	0.537824
646	6	355.21	355.3	355.25	1252	0.0603952	0.0562944	0.378626	0.4185	0.560979	0.525205
657	1	360.8	360.89	360.85	874	0.0515251	0.059146	0.388079	0.416063	0.560396	0.524791
657	2	360.89	360.98	360.94	739	0.0594094	0.0609109	0.317361	0.389645	0.62323	0.549444
657	3	360.98	361.08	361.03	778	0.0544106	0.047701	0.361255	0.412221	0.584334	0.540079
657	4	361.08	361.17	361.12	633	0.0556938	0.0597041	0.327014	0.395365	0.617292	0.544931
657	6	361.26	361.35	361.3	1438	0.0423187	0.0399732	0.404435	0.421738	0.553246	0.538288
666	1	365.75	365.84	365.8	551	0.0723895	0.0763409	0.372842	0.376022	0.554769	0.547637
666	2	365.84	365.93	365.89	732	0.0637405	0.0609365	0.410046	0.436468	0.526214	0.502596
666	3	365.93	366.03	365.98	597	0.08537	0.084398	0.341848	0.354174	0.572782	0.561428
666	4	366.03	366.12	366.07	860	0.0540109	0.0562689	0.413806	0.420223	0.532183	0.523508
666	5	366.12	366.21	366.16	644	0.064279	0.0611605	0.34367	0.383503	0.592051	0.555337
666	6	366.21	366.3	366.25	482	0.0759628	0.0640013	0.324776	0.384174	0.599261	0.551825
686	1	376.75	376.84	376.8	1009	0.034049	0.0341667	0.368155	0.420636	0.597796	0.545197
686	2	376.84	376.93	376.89	995	0.0360674	0.0370288	0.391327	0.44661	0.572606	0.516362
686	3	376.93	377.03	376.98	574	0.0515071	0.0529829	0.378613	0.412607	0.56988	0.53441
686	4	377.03	377.12	377.07	847	0.0401271	0.0392566	0.367485	0.423765	0.592388	0.536978
686	5	377.12	377.21	377.16	649	0.0514346	0.0487747	0.364301	0.413189	0.584265	0.538036
686	6	377.21	377.3	377.25	593	0.0450336	0.0481016	0.34674	0.398611	0.608227	0.553287
724	1	397.65	397.74	397.7	574	0.0445677	0.0567965	0.339633	0.431382	0.615799	0.511821
724	2	397.74	397.83	397.79	626	0.0632532	0.0482888	0.362082	0.411891	0.574665	0.53982
724	3	397.83	397.93	397.88	534	0.0727991	0.0783537	0.373538	0.44122	0.553663	0.480426
724	4	397.93	398.02	397.97	635	0.0580432	0.0611081	0.384734	0.405694	0.557223	0.533197
724	5	398.02	398.11	398.06	630	0.055663	0.0757607	0.334709	0.415255	0.609628	0.508984
724	6	398.11	398.2	398.15	542	0.0645915	0.0723132	0.386697	0.42583	0.548712	0.501857
756	1	415.25	415.34	415.3	1536	0.0323029	0.0268452	0.384685	0.40735	0.583012	0.565805
756	2	415.34	415.43	415.39	1126	0.0368651	0.0337333	0.367679	0.405828	0.595456	0.560439
756	3	415.43	415.53	415.48	1022	0.0380533	0.0478626	0.352721	0.410502	0.609225	0.541635
756	4	415.53	415.62	415.57	1205	0.0334366	0.0313764	0.412393	0.420909	0.55417	0.547715
756	5	415.62	415.71	415.66	877	0.0459878	0.0472587	0.408035	0.40955	0.545977	0.543191
756	6	415.71	415.8	415.75	956	0.034072	0.0337204	0.34253	0.395949	0.623398	0.570331
776	1	426.25	426.34	426.3	515	0.0466881	0.0518266	0.398198	0.434204	0.555114	0.51397
776	2	426.34	426.43	426.39	932	0.0387501	0.0400881	0.383663	0.393001	0.577587	0.56691
776	3	426.43	426.53	426.48	499	0.0485768	0.0514731	0.290902	0.391793	0.660521	0.556734
776	4	426.53	426.62	426.57	687	0.0360042	0.036018	0.349716	0.422074	0.61428	0.541908
776	5	426.62	426.71	426.66	703	0.0387584	0.0414864	0.389323	0.453599	0.571919	0.504915
776	6	426.71	426.8	426.75	584	0.0586755	0.054977	0.338572	0.413132	0.602753	0.531891
796	1	437.25	437.34	437.3	708	0.0417801	0.0351917	0.300582	0.378448	0.657638	0.58636
796	2	437.34	437.43	437.39	966	0.0357728	0.0347498	0.338661	0.367024	0.625566	0.598226
796	3	437.43	437.53	437.48	1115	0.0285111	0.0225881	0.324512	0.399052	0.646977	0.57836
796	4	437.53	437.62	437.57	926	0.0279758	0.0278023	0.389623	0.422744	0.582401	0.549453
796	5	437.62	437.71	437.66	990	0.0348244	0.0290556	0.380577	0.418746	0.584598	0.552199
796	6	437.71	437.8	437.75	930	0.0235124	0.0253041	0.347355	0.392414	0.629132	0.582281
816	1	448.25	448.34	448.3	814	0.0332618	0.0280641	0.31879	0.403609	0.647948	0.568327
816	2	448.34	448.43	448.39	645	0.0333103	0.0338415	0.331215	0.378728	0.635475	0.587431
816	3	448.43	448.53	448.48	630	0.0288302	0.026343	0.306979	0.405046	0.664191	0.568611
816	4	448.53	448.62	448.57	696	0.0336752	0.0306841	0.334693	0.407533	0.631632	0.561782
816	5	448.62	448.71	448.66	880	0.0305566	0.0289267	0.376326	0.369805	0.593117	0.601268
816	6	448.71	448.8	448.75	776	0.0249526	0.0267852	0.30457	0.374266	0.670477	0.598949
836	1	459.25	459.34	459.3	549	0.0435786	0.0461825	0.382016	0.429083	0.574406	0.524734
836	2	459.34	459.43	459.39	661	0.0415242	0.0462962	0.392116	0.461804	0.56636	0.4919
836	3	459.43	459.53	459.48	442	0.0296517	0.0394975	0.335856	0.441615	0.634492	0.518888
836	4	459.53	459.62	459.57	551	0.0400125	0.0420794	0.345493	0.443458	0.614495	0.514462
836	5	459.62	459.71	459.66	485	0.0396054	0.0403066	0.342107	0.457693	0.618288	0.502001
836	6	459.71	459.8	459.75	497	0.040676	0.0340525	0.338192	0.441242	0.621132	0.524706
837	1	459.8	459.89	459.85	514	0.0324492	0.0408937	0.342581	0.394821	0.624969	0.564285
837	2	459.89	459.98	459.94	221	0.0536152	0.0713041	0.351877	0.431941	0.594507	0.496755
837	3	459.98	460.08	460.03	561	0.0439289	0.0414196	0.356459	0.391959	0.599613	0.566622
866	1	475.75	475.84	475.8	597	0.0393284	0.0380647	0.358532	0.432537	0.60214	0.529399
866	2	475.84	475.93	475.89	611	0.031108	0.0374914	0.354805	0.415867	0.614087	0.546642
866	3	475.93	476.03	475.98	850	0.0297927	0.0250806	0.333619	0.391038	0.636588	0.583881
866	4	476.03	476.12	476.07	752	0.0210226	0.0189753	0.328577	0.424023	0.6504	0.557002
866	5	476.12	476.21	476.16	849	0.0403808	0.026829	0.380869	0.407882	0.57875	0.565289
866	6	476.21	476.3	476.25	679	0.0336499	0.0285992	0.377304	0.448861	0.589047	0.52254
896	1	492.25	492.34	492.3	946	0.0179605	0.0185303	0.379816	0.456107	0.602223	0.525362
896	2	492.34	492.43	492.39	659	0.0283299	0.0276896	0.35789	0.452739	0.61378	0.519571
896	3	492.43	492.53	492.48	499	0.0255615	0.0267911	0.32769	0.433365	0.646748	0.539843
896	4	492.53	492.62	492.57	569	0.0287886	0.0300572	0.327796	0.405201	0.643415	0.564742
896	5	492.62	492.71	492.66	748	0.0221144	0.0180768	0.375775	0.443873	0.602111	0.53805
896	6	492.71	492.8	492.75	788	0.0221775	0.0189279	0.33944	0.418337	0.638383	0.562735
936	1	514.25	514.34	514.3	623	0.0335942	0.0246382	0.354977	0.412001	0.611429	0.563361
936	2	514.34	514.43	514.39	603	0.0294825	0.0262833	0.3734	0.428234	0.597117	0.545483
936	3	514.43	514.53	514.48	834	0.0200068	0.0158547	0.3352	0.401297	0.644793	0.582849
936	4	514.53	514.62	514.57	522	0.0227346	0.0231508	0.333004	0.410534	0.644262	0.566315
936	5	514.62	514.71	514.66	493	0.0228452	0.0199198	0.32688	0.400888	0.650275	0.579192
936	6	514.71	514.8	514.75	765	0.0124027	0.010848	0.31463	0.411302	0.672968	0.57785
956	1	525.25	525.34	525.3	836	0.023563	0.0232239	0.349215	0.419232	0.627222	0.557544
956	2	525.34	525.43	525.39	932	0.0320358	0.0169373	0.36905	0.379292	0.598914	0.603771
956	3	525.43	525.53	525.48	539	0.0287866	0.0261799	0.312673	0.382298	0.65854	0.591522
956	4	525.53	525.62	525.57	536	0.0334243	0.0346749	0.346985	0.398394	0.619591	0.566931
956	5	525.62	525.71	525.66	942	0.0209184	0.0247553	0.385902	0.395557	0.59318	0.579687
956	6	525.71	525.8	525.75	957	0.0202138	0.0224519	0.364818	0.41113	0.614968	0.566418
977	1	536.8	536.89	536.85	820	0.0277201	0.0258274	0.356207	0.425725	0.616073	0.548447
977	2	536.89	536.98	536.94	586	0.0196403	0.0191674	0.362346	0.472012	0.618014	0.508821
977	3	536.98	537.08	537.03	559	0.0165235	0.0175447	0.302039	0.410743	0.681438	0.571712
977	4	537.08	537.17	537.12	748	0.0193743	0.0135289	0.368926	0.448263	0.6117	0.538208
977	5	537.17	537.26	537.21	598	0.019712	0.0206423	0.348214	0.428556	0.632074	0.550802
977	6	537.26	537.35	537.3	586	0.0132596	0.0136803	0.368886	0.421173	0.617855	0.565146
995	1	546.7	546.79	546.75	683	0.0178583	0.0195287	0.366204	0.412216	0.615938	0.568256
995	2	546.79	546.88	546.84	1054	0.0217179	0.0183529	0.389616	0.426797	0.588666	0.55485
995	3	546.88	546.98	546.93	782	0.011954	0.013395	0.404113	0.45095	0.583933	0.535655
995	4	546.98	547.07	547.02	721	0.0197235	0.019891	0.430547	0.463776	0.54973	0.516333
995	5	547.07	547.16	547.11	784	0.0201759	0.0205706	0.389394	0.415223	0.59043	0.564206
995	6	547.16	547.25	547.2	643	0.0211887	0.0220418	0.355756	0.384948	0.623055	0.59301
1000	1	549.45	549.54	549.5	358	0.0197871	0.0263291	0.378795	0.374778	0.601418	0.598893
1000	2	549.54	549.63	549.59	188	0.0197751	0.0258442	0.328705	0.43173	0.65152	0.542426
1000	3	549.63	549.73	549.68	511	0.0264931	0.0239336	0.398968	0.409257	0.574539	0.566809
1016	1	558.25	558.34	558.3	855	0.0235937	0.0254659	0.39894	0.445269	0.577466	0.529265
1016	2	558.34	558.43	558.39	768	0.0250588	0.0252742	0.40681	0.439456	0.568131	0.53527
1016	3	558.43	558.53	558.48	987	0.0190789	0.0213408	0.371558	0.436208	0.609363	0.542451
1016	4	558.53	558.62	558.57	890	0.0232371	0.0239787	0.39531	0.446879	0.581453	0.529142
1016	5	558.62	558.71	558.66	611	0.0300378	0.0319711	0.336716	0.430782	0.633246	0.537247
1016	6	558.71	558.8	558.75	763	0.0184469	0.0151205	0.346321	0.389534	0.635232	0.595345
1057	1	580.8	580.89	580.85	675	0.0145313	0.0148493	0.37964	0.381766	0.605829	0.603385
1057	2	580.89	580.98	580.94	1297	0.00803797	0.00852758	0.343418	0.395521	0.648544	0.595951
1057	3	580.98	581.08	581.03	1059	0.00934766	0.00885327	0.355182	0.397723	0.63547	0.593424
1057	4	581.08	581.17	581.12	510	0.014918	0.0173444	0.314969	0.431463	0.670113	0.551193
1057	5	581.17	581.26	581.21	642	0.0162504	0.0159492	0.332455	0.390181	0.651294	0.59387
1057	6	581.26	581.35	581.3	579	0.0119382	0.0104837	0.313846	0.38524	0.674216	0.604276
1096	1	602.25	602.34	602.3	596	0.0190131	0.0311104	0.358188	0.400418	0.622799	0.568472
1096	2	602.34	602.43	602.39	731	0.0237222	0.0340464	0.327991	0.378154	0.648286	0.587799
1096	3	602.43	602.53	602.48	845	0.0273426	0.0324203	0.323484	0.402532	0.649173	0.565048
1096	4	602.53	602.62	602.57	903	0.0200028	0.0198811	0.359904	0.438472	0.620093	0.541646
1096	5	602.62	602.71	602.66	705	0.0184281	0.0172798	0.356806	0.41622	0.624766	0.566501
1096	6	602.71	602.8	602.75	938	0.0169328	0.0167916	0.362234	0.408	0.620833	0.575209
1116	1	613.25	613.34	613.3	910	0.0141128	0.0166898	0.323691	0.386631	0.662197	0.596679
1116	2	613.34	613.43	613.39	583	0.0147931	0.0140594	0.345112	0.379485	0.640095	0.606456
1116	3	613.43	613.53	613.48	677	0.0131043	0.0143391	0.370821	0.400582	0.616075	0.585079
1116	4	613.53	613.62	613.57	787	0.0130757	0.0132636	0.342498	0.391542	0.644426	0.595194
1116	5	613.62	613.71	613.66	788	0.0147187	0.0132154	0.351524	0.409413	0.633757	0.577372
1116	6	613.71	613.8	613.75	841	0.0144292	0.014928	0.330582	0.380433	0.654989	0.604639
1146	1	629.75	629.84	629.8	769	0.0202811	0.0162695	0.388435	0.408821	0.591284	0.57491
1146	2	629.84	629.93	629.89	888	0.0147158	0.0141178	0.333196	0.391685	0.652088	0.594198
1146	3	629.93	630.03	629.98	873	0.0202979	0.0162214	0.326282	0.375077	0.653421	0.608702
1146	4	630.03	630.12	630.07	834	0.019998	0.0201256	0.36796	0.392913	0.612042	0.586961
1146	5	630.12	630.21	630.16	1076	0.0191666	0.0148686	0.358258	0.380483	0.622576	0.604649
1146	6	630.21	630.3	630.25	979	0.0247211	0.0188336	0.330777	0.384824	0.644501	0.596343
1174	3	645.33	645.43	645.38	986	0.0163745	0.0208813	0.369965	0.399576	0.613661	0.579543
1185	1	651.2	651.29	651.25	624	0.0124402	0.012587	0.379437	0.374203	0.608122	0.61321
1185	2	651.29	651.38	651.34	510	0.0188406	0.0143561	0.395894	0.46763	0.585265	0.518014
1185	3	651.38	651.48	651.43	553	0.0158774	0.0127458	0.440986	0.390263	0.543137	0.596991
1185	4	651.48	651.57	651.52	647	0.0141927	0.0131954	0.406647	0.405413	0.57916	0.581392
1185	5	651.57	651.66	651.61	864	0.0115769	0.011708	0.411655	0.41029	0.576768	0.578002
1185	6	651.66	651.75	651.7	928	0.012135	0.0101204	0.448361	0.418218	0.539504	0.571662
1208	1	663.85	663.94	663.9	1096	0.01931	0.0162278	0.378574	0.391924	0.602116	0.591848
1208	2	663.94	664.03	663.99	214	0.0142887	0.0149997	0.429511	0.442657	0.5562	0.542344
1208	3	664.03	664.13	664.08	1025	0.012557	0.0116038	0.357384	0.398085	0.630059	0.590311
1214	1	667.15	667.24	667.2	521	0.0164566	0.0166239	0.407072	0.467954	0.576471	0.515422
1214	2	667.24	667.33	667.29	798	0.0160792	0.0154995	0.350506	0.398894	0.633415	0.585607
1214	3	667.33	667.43	667.38	614	0.0149845	0.0155028	0.385452	0.420197	0.599563	0.564301
1214	4	667.43	667.52	667.47	679	0.0141821	0.0161711	0.316962	0.41574	0.668856	0.568088
1214	5	667.52	667.61	667.56	832	0.0146948	0.0149217	0.370109	0.428487	0.615196	0.556591
1214	6	667.61	667.7	667.65	778	0.0134531	0.0125348	0.431664	0.448301	0.554883	0.539164
1247	1	685.3	685.39	685.35	703	0.00789861	0.0104353	0.392168	0.455529	0.599933	0.534035
1247	2	685.39	685.48	685.44	482	0.00973704	0.0118203	0.386849	0.467042	0.603414	0.521138
1247	3	685.48	685.58	685.53	480	0.0124611	0.0119357	0.401264	0.419611	0.586275	0.568453
1247	4	685.58	685.67	685.62	799	0.0132578	0.0105373	0.428435	0.450759	0.558308	0.538704
1247	5	685.67	685.76	685.71	466	0.0165429	0.0151402	0.36217	0.450564	0.621287	0.534296
1247	6	685.76	685.85	685.8	605	0.0101052	0.0127633	0.394938	0.474308	0.594956	0.512929
1276	1	701.25	701.34	701.3	894	0.00825196	0.00772661	0.36488	0.388616	0.626868	0.603657
1276	2	701.34	701.43	701.39	929	0.0139827	0.0111199	0.287895	0.347996	0.698122	0.640884
1276	3	701.43	701.53	701.48	699	0.0122334	0.0107151	0.336194	0.388093	0.651573	0.601192
1276	4	701.53	701.62	701.57	943	0.0120329	0.00973895	0.293248	0.376828	0.694719	0.613433
1276	5	701.62	701.71	701.66	989	0.0111854	0.00954914	0.319908	0.360932	0.668906	0.629519
1276	6	701.71	701.8	701.75	872	0.0117367	0.0137376	0.364738	0.368243	0.623525	0.61802
1315	1	722.7	722.79	722.75	550	0.0168817	0.0141164	0.442812	0.399015	0.540306	0.586869
1315	2	722.79	722.88	722.84	916	0.00912134	0.00842347	0.450672	0.424599	0.540206	0.566978
1315	3	722.88	722.98	722.93	834	0.0102698	0.00922107	0.413071	0.437668	0.576659	0.553111
1315	4	722.98	723.07	723.02	846	0.00986047	0.00947361	0.435904	0.437598	0.554235	0.552928
1315	5	723.07	723.16	723.11	548	0.0144358	0.0148342	0.361736	0.391119	0.623828	0.594047
1315	6	723.16	723.25	723.2	604	0.0097342	0.0101725	0.456604	0.466212	0.533662	0.523616
1346	1	739.75	739.84	739.8	796	0.00801521	0.00845892	0.411584	0.42101	0.580401	0.570531
1346	2	739.84	739.93	739.89	789	0.0102525	0.00984235	0.454427	0.475924	0.535321	0.514233
1346	3	739.93	740.03	739.98	805	0.0105077	0.0091212	0.39367	0.435826	0.595823	0.555053
1346	4	740.03	740.12	740.07	622	0.0141761	0.0137924	0.358865	0.438354	0.626959	0.547854
1346	5	740.12	740.21	740.16	829	0.0137284	0.0131741	0.355729	0.33473	0.630543	0.652096
1346	6	740.21	740.3	740.25	736	0.0136319	0.0130841	0.33085	0.352577	0.655518	0.634339
1377	1	756.8	756.89	756.85	1252	0.00936381	0.00844588	0.377262	0.437074	0.613374	0.55448
1377	2	756.89	756.98	756.94	880	0.0108689	0.00910646	0.357066	0.395618	0.632065	0.595275
1377	3	756.98	757.08	757.03	664	0.0168722	0.0160777	0.362601	0.416534	0.620527	0.567388
1377	4	757.08	757.17	757.12	1014	0.0133924	0.0119069	0.35397	0.40639	0.632638	0.581703
1377	5	757.17	757.26	757.21	1234	0.0174842	0.0140241	0.373051	0.405414	0.609465	0.580562
1377	6	757.26	757.35	757.3	771	0.0146413	0.0132982	0.326914	0.412966	0.658445	0.573736
1400	1	769.45	769.54	769.5	591	0.0137136	0.0122984	0.277551	0.35784	0.708736	0.629862
1400	2	769.54	769.63	769.59	176	0.0157973	0.0215716	0.214166	0.364244	0.770037	0.614184
1400	3	769.63	769.73	769.68	647	0.0160067	0.0142421	0.312818	0.378735	0.671176	0.607023
1406	1	772.75	772.84	772.8	931	0.0116486	0.00965205	0.364183	0.4219	0.624169	0.568448
1406	2	772.84	772.93	772.89	920	0.009487	0.0113975	0.34443	0.405258	0.646083	0.583344
1406	3	772.93	773.03	772.98	720	0.0087922	0.00993204	0.341447	0.417667	0.64976	0.572401
1406	4	773.03	773.12	773.07	624	0.019019	0.0169493	0.300713	0.383136	0.680268	0.599915
1406	5	773.12	773.21	773.16	637	0.0174745	0.0221681	0.269067	0.36167	0.713458	0.616162
1406	6	773.21	773.3	773.25	626	0.0100434	0.0111209	0.365368	0.431809	0.624589	0.55707
1444	3	793.83	793.93	793.88	603	0.0187759	0.0188802	0.299479	0.324953	0.681745	0.656167
1444	4	793.93	794.02	793.97	689	0.0215943	0.0212083	0.319495	0.381458	0.658911	0.597334
1444	5	794.02	794.11	794.06	1083	0.0300863	0.0188952	0.343878	0.352601	0.626036	0.628503
1444	6	794.11	794.2	794.15	763	0.0151758	0.0127259	0.321502	0.382015	0.663322	0.605259
1475	1	810.7	810.79	810.75	898	0.0161042	0.0137524	0.333697	0.379182	0.650199	0.607065
1475	2	810.79	810.88	810.84	632	0.0192044	0.0148805	0.281953	0.372971	0.698843	0.612149
1475	3	810.88	810.98	810.93	768	0.0136015	0.0115792	0.326475	0.33399	0.659923	0.654431
1475	4	810.98	811.07	811.02	711	0.0217906	0.0189315	0.340719	0.369476	0.63749	0.611593
1475	5	811.07	811.16	811.11	702	0.0175231	0.0160012	0.323289	0.374668	0.659188	0.609331
1475	6	811.16	811.25	811.2	923	0.0133876	0.012407	0.300151	0.358243	0.686461	0.62935
1507	1	828.3	828.39	828.35	985	0.0170689	0.0151119	0.283339	0.364519	0.699592	0.620369
1507	3	828.48	828.58	828.53	1101	0.0188963	0.0166873	0.277653	0.333969	0.703451	0.649343
1507	4	828.58	828.67	828.62	830	0.0122157	0.0121437	0.355622	0.436586	0.632162	0.551271
1507	5	828.67	828.76	828.71	1053	0.0140995	0.0140514	0.380179	0.390824	0.605722	0.595124
1507	6	828.76	828.85	828.8	594	0.0338509	0.0225622	0.371927	0.405891	0.594222	0.571547
1546	1	849.75	849.84	849.8	537	0.0144293	0.0116052	0.412813	0.396841	0.572758	0.591554
1546	2	849.84	849.93	849.89	692	0.00982567	0.0100597	0.338309	0.40113	0.651866	0.58881
1546	3	849.93	850.03	849.98	651	0.0123013	0.0098482	0.436196	0.440581	0.551503	0.549571
1546	4	850.03	850.12	850.07	782	0.00826742	0.00888142	0.424024	0.418289	0.567708	0.572829
1546	5	850.12	850.21	850.16	729	0.00936673	0.00916806	0.419997	0.399795	0.570636	0.591037
1546	6	850.21	850.3	850.25	918	0.00770934	0.0078643	0.439812	0.430177	0.552479	0.561958
1558	1	856.35	856.44	856.4	985	0.0148262	0.0127097	0.393754	0.457558	0.59142	0.529732
1558	2	856.44	856.53	856.49	915	0.0107667	0.0108176	0.373621	0.42755	0.615612	0.561633
1558	3	856.53	856.63	856.58	755	0.0132029	0.0117118	0.376869	0.42186	0.609928	0.566428
1558	4	856.63	856.72	856.67	1247	0.00757233	0.00686952	0.388042	0.399448	0.604386	0.593682
1558	5	856.72	856.81	856.76	848	0.013531	0.0116082	0.317005	0.408953	0.669464	0.579438
1558	6	856.81	856.9	856.85	630	0.0126104	0.0139453	0.319902	0.360977	0.667488	0.625077
1588	1	872.85	872.94	872.9	1265	0.0119699	0.0149974	0.410143	0.425156	0.577887	0.559846
1588	2	872.94	873.03	872.99	859	0.00758356	0.00827501	0.370708	0.400232	0.621708	0.591493
1588	3	873.03	873.13	873.08	1118	0.0134432	0.0131811	0.358989	0.402724	0.627568	0.584094
1588	4	873.13	873.22	873.17	823	0.0226287	0.0289571	0.362775	0.397366	0.614596	0.573677
1588	6	873.31	873.4	873.35	1112	0.0131439	0.0116486	0.389619	0.442713	0.597237	0.545638
1606	1	882.75	882.84	882.8	997	0.0089336	0.0105861	0.405546	0.442933	0.58552	0.546481
1606	2	882.84	882.93	882.89	476	0.00871709	0.00747838	0.332857	0.334765	0.658426	0.657757
1606	3	882.93	883.03	882.98	1166	0.00963695	0.0105149	0.376847	0.436558	0.613516	0.552927
1615	1	887.7	887.79	887.75	709	0.0106276	0.00978648	0.446426	0.452651	0.542946	0.537563
1615	2	887.79	887.88	887.84	607	0.0117115	0.0107223	0.360338	0.453152	0.62795	0.536125
1615	3	887.88	887.98	887.93	920	0.0141063	0.0127044	0.394007	0.378122	0.591887	0.609174
1615	4	887.98	888.07	888.02	919	0.0210212	0.0172521	0.278975	0.33338	0.700004	0.649368
1615	5	888.07	888.16	888.11	758	0.0207727	0.016253	0.263308	0.298172	0.715919	0.685575
1615	6	888.16	888.25	888.2	448	0.0245098	0.0196974	0.309516	0.363139	0.665975	0.617163
1637	1	899.8	899.89	899.85	898	0.0164349	0.0144062	0.37428	0.405396	0.609285	0.580198
1637	2	899.89	899.98	899.94	673	0.0184545	0.0181689	0.371684	0.404155	0.609862	0.577676
1637	3	899.98	900.08	900.03	675	0.0153617	0.0156765	0.362104	0.336541	0.622534	0.647782
1637	4	900.08	900.17	900.12	956	0.0104817	0.0112728	0.344544	0.380413	0.644975	0.608315
1637	5	900.17	900.26	900.21	1117	0.0162853	0.0125962	0.348647	0.373718	0.635067	0.613685
1637	6	900.26	900.35	900.3	1091	0.00951654	0.011316	0.314389	0.319318	0.676094	0.669366
1933	1	1062.6	1062.69	1062.65	997	0.0140032	0.0237541	0.42312	0.413017	0.562877	0.563229
1933	2	1062.69	1062.78	1062.74	932	0.00943353	0.0129025	0.390809	0.400751	0.599758	0.586347
1933	3	1062.78	1062.88	1062.83	842	0.0111256	0.0131272	0.429071	0.394894	0.559804	0.591979
1933	4	1062.88	1062.97	1062.92	829	0.0197371	0.0214856	0.423449	0.355653	0.556814	0.622862
1933	5	1062.97	1063.06	1063.01	817	0.0119261	0.0142962	0.408955	0.385909	0.579119	0.599795
1933	6	1063.06	1063.15	1063.1	934	0.0121237	0.0129031	0.435757	0.415731	0.552119	0.571366
1965	1	1080.2	1080.29	1080.25	863	0.011615	0.0151304	0.364297	0.429229	0.624088	0.555641
1965	2	1080.29	1080.38	1080.34	1001	0.011661	0.0102911	0.412106	0.438733	0.576233	0.550976
1965	3	1080.38	1080.48	1080.43	919	0.00984039	0.00976772	0.381457	0.428367	0.608703	0.561865
1965	4	1080.48	1080.57	1080.52	804	0.00949699	0.0129211	0.373328	0.451879	0.617175	0.5352
1965	5	1080.57	1080.66	1080.61	919	0.00958039	0.00988391	0.387261	0.448001	0.603159	0.542115
1965	6	1080.66	1080.75	1080.7	813	0.0114469	0.0127358	0.344954	0.37928	0.643599	0.607985
1996	1	1097.25	1097.34	1097.3	937	0.00913457	0.00840043	0.440933	0.484002	0.549932	0.507597
1996	2	1097.34	1097.43	1097.39	845	0.0163202	0.0137514	0.410066	0.478714	0.573614	0.507535
1996	4	1097.53	1097.62	1097.57	847	0.0114126	0.0128184	0.40658	0.451877	0.582007	0.535305
1996	5	1097.62	1097.71	1097.66	1045	0.00889013	0.00905266	0.421225	0.462142	0.569885	0.528805
1996	6	1097.71	1097.8	1097.75	997	0.00985175	0.0088198	0.383229	0.424223	0.606919	0.566957
2026	1	1113.75	1113.84	1113.8	891	0.0104577	0.00803513	0.4176	0.415974	0.571942	0.575991
2026	2	1113.84	1113.93	1113.89	989	0.00637629	0.00691926	0.461255	0.484971	0.532368	0.508109
2026	3	1113.93	1114.03	1113.98	980	0.00787124	0.00760978	0.432221	0.433559	0.559908	0.558831
2026	4	1114.03	1114.12	1114.07	868	0.010014	0.00976362	0.421845	0.404521	0.568141	0.585715
2026	5	1114.12	1114.21	1114.16	868	0.00912407	0.00841697	0.435071	0.455269	0.555805	0.536314
2026	6	1114.21	1114.3	1114.25	951	0.00994126	0.00888573	0.383951	0.395769	0.606107	0.595345
2056	1	1130.25	1130.34	1130.3	1131	0.0106082	0.00987633	0.371253	0.419305	0.618139	0.570819
2056	2	1130.34	1130.43	1130.39	1113	0.0113379	0.0107777	0.405976	0.459018	0.582686	0.530205
2056	3	1130.43	1130.53	1130.48	1121	0.00977029	0.0102905	0.412166	0.461265	0.578063	0.528444
2056	4	1130.53	1130.62	1130.57	962	0.0124535	0.0102751	0.424306	0.468949	0.563241	0.520776
2056	5	1130.62	1130.71	1130.66	1146	0.0114974	0.0103554	0.394563	0.431867	0.593939	0.557777
2056	6	1130.71	1130.8	1130.75	1098	0.00957621	0.00995617	0.398417	0.460751	0.592007	0.529293
2075	1	1140.7	1140.79	1140.75	874	0.00976212	0.00925463	0.370119	0.447948	0.620119	0.542798
2075	2	1140.79	1140.88	1140.84	840	0.0113998	0.0108435	0.334877	0.44286	0.653723	0.546297
2075	3	1140.88	1140.98	1140.93	752	0.00936007	0.00955638	0.364678	0.475374	0.625962	0.515069
2075	4	1140.98	1141.07	1141.02	996	0.00760748	0.00838321	0.42152	0.463618	0.570873	0.527999
2075	5	1141.07	1141.16	1141.11	1034	0.0101485	0.0102789	0.42751	0.408713	0.562341	0.581008
2075	6	1141.16	1141.25	1141.2	935	0.00862158	0.00942496	0.373715	0.431469	0.617663	0.559106
2106	1	1157.75	1157.84	1157.8	1389	0.00933961	0.00814362	0.38614	0.400362	0.60452	0.591494
2106	2	1157.84	1157.93	1157.89	992	0.00857928	0.00793586	0.385446	0.412098	0.605975	0.579966
2106	3	1157.93	1158.03	1157.98	1252	0.0084679	0.00746055	0.362679	0.399868	0.628853	0.592671
2106	4	1158.03	1158.12	1158.07	1128	0.0119664	0.0117458	0.364354	0.401669	0.623679	0.586585
2106	5	1158.12	1158.21	1158.16	1118	0.0101778	0.0121749	0.356039	0.410871	0.633783	0.576954
2106	6	1158.21	1158.3	1158.25	1420	0.00909842	0.0107494	0.393753	0.414824	0.597148	0.574427
2136	1	1174.25	1174.34	1174.3	1674	0.012265	0.0108773	0.360346	0.38295	0.627389	0.606172
2136	2	1174.34	1174.43	1174.39	1435	0.0117262	0.0108547	0.396886	0.427203	0.591388	0.561942
2136	3	1174.43	1174.53	1174.48	1099	0.0092779	0.00808866	0.371022	0.424855	0.6197	0.567056
2136	4	1174.53	1174.62	1174.57	1288	0.0125326	0.0108285	0.34246	0.400603	0.645008	0.588569
2136	5	1174.62	1174.71	1174.66	1128	0.0132807	0.016171	0.342064	0.408897	0.644656	0.574932
2136	6	1174.71	1174.8	1174.75	1283	0.0144147	0.0140781	0.394115	0.414109	0.59147	0.571813
2156	1	1185.25	1185.34	1185.3	833	0.0116337	0.0124876	0.323531	0.404679	0.664835	0.582833
2156	2	1185.34	1185.43	1185.39	865	0.00822353	0.00842167	0.387864	0.413267	0.603912	0.578311
2156	3	1185.43	1185.53	1185.48	1099	0.00760037	0.00712589	0.409845	0.433816	0.582554	0.559058
2156	4	1185.53	1185.62	1185.57	869	0.0117598	0.0102577	0.339662	0.409271	0.648578	0.580471
2156	5	1185.62	1185.71	1185.66	986	0.0093895	0.00846499	0.370655	0.443483	0.619956	0.548052
2156	6	1185.71	1185.8	1185.75	683	0.00971268	0.00850471	0.445852	0.443069	0.544436	0.548427
2176	1	1196.25	1196.34	1196.3	1250	0.00950105	0.00842369	0.395432	0.412495	0.595067	0.579082
2176	2	1196.34	1196.43	1196.39	1273	0.00879958	0.00849876	0.381858	0.404128	0.609343	0.587373
2176	3	1196.43	1196.53	1196.48	1395	0.0077106	0.00705908	0.369008	0.393605	0.623281	0.599336
2176	4	1196.53	1196.62	1196.57	1133	0.00683893	0.00791124	0.375131	0.408986	0.61803	0.583103
2176	5	1196.62	1196.71	1196.66	1238	0.00826179	0.00782159	0.349822	0.376987	0.641916	0.615191
2176	6	1196.71	1196.8	1196.75	1234	0.00750934	0.00765345	0.399004	0.402712	0.593486	0.589634
2206	1	1212.75	1212.84	1212.8	1243	0.0106529	0.0155144	0.428797	0.433621	0.560551	0.550865
2206	2	1212.84	1212.93	1212.89	1253	0.0109288	0.019592	0.388672	0.425061	0.600399	0.555347
2206	3	1212.93	1213.03	1212.98	1327	0.0125107	0.0170438	0.390304	0.418249	0.597185	0.564707
2206	4	1213.03	1213.12	1213.07	1314	0.0109086	0.0192172	0.40177	0.433221	0.587321	0.547562
2206	5	1213.12	1213.21	1213.16	1616	0.0119156	0.0198505	0.352851	0.402471	0.635233	0.577679
2206	6	1213.21	1213.3	1213.25	1428	0.0155876	0.0313399	0.390116	0.424319	0.594297	0.544341
2221	1	1221	1221.09	1221.05	1578	0.0106116	0.0167645	0.36535	0.403893	0.624039	0.579342
2221	2	1221.09	1221.18	1221.14	451	0.00627652	0.00754259	0.43246	0.435637	0.561264	0.556821
2221	3	1221.18	1221.28	1221.23	1751	0.00714325	0.0076691	0.368774	0.39579	0.624083	0.596541
2236	1	1229.25	1229.34	1229.3	1323	0.0073159	0.00807785	0.438264	0.403892	0.55442	0.58803
2236	2	1229.34	1229.43	1229.39	1318	0.00699577	0.00640915	0.434277	0.437025	0.558727	0.556566
2236	3	1229.43	1229.53	1229.48	1166	0.00953746	0.0122629	0.411842	0.418356	0.57862	0.569381
2236	4	1229.53	1229.62	1229.57	1147	0.00761476	0.00653343	0.447942	0.441159	0.544443	0.552308
2236	5	1229.62	1229.71	1229.66	1421	0.0108788	0.0307294	0.451415	0.402357	0.537706	0.566913
2236	6	1229.71	1229.8	1229.75	1134	0.00916409	0.0328109	0.399975	0.385491	0.59086	0.581698
2256	1	1240.25	1240.34	1240.3	1619	0.0129177	0.0118099	0.387855	0.395302	0.599227	0.592888
2256	2	1240.34	1240.43	1240.39	1848	0.0167911	0.0181285	0.387299	0.397374	0.59591	0.584497
2256	3	1240.43	1240.53	1240.48	1627	0.0112419	0.0153995	0.385725	0.392471	0.603033	0.592129
2256	4	1240.53	1240.62	1240.57	1737	0.0149033	0.0211286	0.369678	0.377935	0.615419	0.600936
2256	5	1240.62	1240.71	1240.66	1569	0.0106054	0.0163475	0.413643	0.417823	0.575752	0.565829
2256	6	1240.71	1240.8	1240.75	1560	0.0111102	0.0306006	0.385801	0.383644	0.603088	0.585755
2286	1	1256.75	1256.84	1256.8	1870	0.0116013	0.0175998	0.357167	0.385542	0.631232	0.596859
2286	2	1256.84	1256.93	1256.89	1581	0.00892122	0.00994758	0.341732	0.399909	0.649347	0.590144
2286	3	1256.93	1257.03	1256.98	2081	0.0109162	0.0138767	0.321765	0.313904	0.667319	0.672219
2286	4	1257.03	1257.12	1257.07	1967	0.0116754	0.0230016	0.37454	0.364887	0.613785	0.612112
2286	5	1257.12	1257.21	1257.16	1848	0.0103184	0.0148011	0.368801	0.376503	0.620881	0.608696
2286	6	1257.21	1257.3	1257.25	1724	0.0104625	0.0182474	0.378962	0.379134	0.610575	0.602618
2316	1	1273.25	1273.34	1273.3	2111	0.0150031	0.0262746	0.367194	0.338489	0.617803	0.635237
2316	2	1273.34	1273.43	1273.39	2243	0.0138033	0.0278116	0.332855	0.327766	0.653341	0.644423
2316	3	1273.43	1273.53	1273.48	2463	0.0144887	0.0225276	0.349696	0.329201	0.635815	0.648272
2316	4	1273.53	1273.62	1273.57	2121	0.0102956	0.0132279	0.349302	0.346768	0.640402	0.640004
2316	5	1273.62	1273.71	1273.66	2103	0.0118339	0.0124164	0.347649	0.323587	0.640517	0.663997
2316	6	1273.71	1273.8	1273.75	2178	0.011182	0.0124106	0.331372	0.328295	0.657446	0.659294
2356	1	1295.25	1295.34	1295.3	2122	0.0112912	0.0139677	0.384863	0.352979	0.603846	0.633053
2356	2	1295.34	1295.43	1295.39	1411	0.00952982	0.00985553	0.385658	0.375742	0.604812	0.614403
2356	3	1295.43	1295.53	1295.48	1602	0.00807547	0.00833072	0.385528	0.410227	0.606397	0.581442
2356	4	1295.53	1295.62	1295.57	1633	0.0103383	0.0127997	0.397984	0.418122	0.591677	0.569079
2356	5	1295.62	1295.71	1295.66	1866	0.00988412	0.012816	0.350896	0.358181	0.63922	0.629003
2356	6	1295.71	1295.8	1295.75	1331	0.0101088	0.0106213	0.344778	0.349272	0.645113	0.640106
2386	1	1311.75	1311.84	1311.8	1253	0.00656924	0.00906263	0.36762	0.452951	0.625811	0.537986
2386	2	1311.84	1311.93	1311.89	1264	0.00629496	0.00903394	0.336295	0.411587	0.65741	0.579379
2386	3	1311.93	1312.03	1311.98	1468	0.00665915	0.00706819	0.3337	0.395375	0.65964	0.597557
2386	4	1312.03	1312.12	1312.07	1390	0.00642877	0.00666012	0.37254	0.419392	0.621032	0.573948
2386	5	1312.12	1312.21	1312.16	1684	0.00797658	0.00962659	0.344866	0.384826	0.647157	0.605547
2386	6	1312.21	1312.3	1312.25	1314	0.0065586	0.0125634	0.358472	0.435975	0.634969	0.551461
2416	1	1328.25	1328.34	1328.3	1602	0.0108579	0.0139834	0.394314	0.399996	0.594828	0.58602
2416	2	1328.34	1328.43	1328.39	1732	0.0119771	0.0123173	0.365092	0.374129	0.622931	0.613554
2416	3	1328.43	1328.53	1328.48	1895	0.0112541	0.0129674	0.396161	0.373475	0.592585	0.613558
2416	4	1328.53	1328.62	1328.57	1885	0.0107006	0.0110373	0.358336	0.396696	0.630964	0.592266
2416	5	1328.62	1328.71	1328.66	1974	0.0134983	0.0169488	0.356085	0.366437	0.630417	0.616614
2416	6	1328.71	1328.8	1328.75	1993	0.010767	0.0107639	0.393455	0.376679	0.595778	0.612557
2436	1	1339.25	1339.34	1339.3	1536	0.00732907	0.00789127	0.357469	0.349022	0.635202	0.643087
2436	2	1339.34	1339.43	1339.39	2119	0.00850793	0.00830764	0.34	0.329648	0.651492	0.662045
2436	3	1339.43	1339.53	1339.48	2441	0.00967469	0.00997129	0.310938	0.31482	0.679387	0.675209
2436	4	1339.53	1339.62	1339.57	1651	0.00608608	0.00637256	0.352327	0.363194	0.641586	0.630434
2436	5	1339.62	1339.71	1339.66	2340	0.00862509	0.00915948	0.351941	0.330097	0.639434	0.660743
2436	6	1339.71	1339.8	1339.75	2232	0.00907563	0.00998629	0.333226	0.306695	0.657698	0.683319
2446	1	1344.75	1344.84	1344.8	1798	0.0107888	0.0148883	0.396736	0.39152	0.592475	0.593591
2446	2	1344.84	1344.93	1344.89	2090	0.00898032	0.010041	0.382147	0.359662	0.608873	0.630297
2446	3	1344.93	1345.03	1344.98	2179	0.0117314	0.0117962	0.352446	0.350558	0.635823	0.637646
2446	4	1345.03	1345.12	1345.07	1721	0.00867183	0.00863873	0.365572	0.387314	0.625756	0.604047
2446	5	1345.12	1345.21	1345.16	1808	0.00782131	0.00782581	0.371969	0.378328	0.62021	0.613846
2446	6	1345.21	1345.3	1345.25	1823	0.00804319	0.00851075	0.352132	0.368046	0.639825	0.623443
2475	1	1360.7	1360.79	1360.75	1193	0.00559494	0.00498651	0.482315	0.409785	0.51209	0.585229
2475	2	1360.79	1360.88	1360.84	1220	0.0059987	0.00560447	0.468525	0.432042	0.525476	0.562354
2475	3	1360.88	1360.98	1360.93	1129	0.00654551	0.00645398	0.419026	0.463519	0.574429	0.530027
2475	4	1360.98	1361.07	1361.02	1124	0.00616428	0.00540346	0.457077	0.407729	0.536759	0.586867
2475	5	1361.07	1361.16	1361.11	1268	0.00655579	0.00658095	0.432489	0.42805	0.560955	0.565369
2475	6	1361.16	1361.25	1361.2	957	0.00571384	0.00571963	0.398629	0.447461	0.595657	0.546819
2486	1	1366.75	1366.84	1366.8	1388	0.00582296	0.00678127	0.378357	0.410745	0.61582	0.582474
2486	2	1366.84	1366.93	1366.89	1890	0.00795739	0.0102248	0.31931	0.350807	0.672732	0.638968
2486	3	1366.93	1367.03	1366.98	1702	0.00658217	0.00840933	0.339873	0.362864	0.653545	0.628727
2486	4	1367.03	1367.12	1367.07	1545	0.00650891	0.00677398	0.362029	0.410048	0.631462	0.583178
2486	5	1367.12	1367.21	1367.16	1647	0.00693097	0.00739567	0.305663	0.363532	0.687406	0.629072
2486	6	1367.21	1367.3	1367.25	1818	0.00790577	0.00822947	0.360418	0.373166	0.631676	0.618605
2506	1	1377.75	1377.84	1377.8	2110	0.011345	0.0129563	0.331348	0.340406	0.657307	0.646638
2506	2	1377.84	1377.93	1377.89	2351	0.012886	0.0157693	0.309432	0.322334	0.677682	0.661897
2506	3	1377.93	1378.03	1377.98	2548	0.01223	0.0139176	0.307225	0.305432	0.680545	0.68065
2506	4	1378.03	1378.12	1378.07	2001	0.0127836	0.0150715	0.341914	0.345521	0.645302	0.639407
2506	5	1378.12	1378.21	1378.16	1730	0.0124392	0.0140605	0.392589	0.380069	0.594972	0.60587
2506	6	1378.21	1378.3	1378.25	2229	0.0115906	0.013686	0.356465	0.341535	0.631945	0.644779
2535	1	1393.7	1393.79	1393.75	2752	0.0132551	0.0141232	0.324552	0.320906	0.662193	0.66497
2535	2	1393.79	1393.88	1393.84	3189	0.0154401	0.0165803	0.308247	0.287231	0.676313	0.696188
2535	3	1393.88	1393.98	1393.93	3390	0.015326	0.0170298	0.295579	0.286478	0.689095	0.696492
2535	4	1393.98	1394.07	1394.02	3213	0.0159422	0.0180835	0.292835	0.281072	0.691223	0.700844
2535	5	1394.07	1394.16	1394.11	2848	0.0140474	0.0152243	0.329562	0.319932	0.656391	0.664844
2535	6	1394.16	1394.25	1394.2	2839	0.0129001	0.0148433	0.322657	0.312191	0.664443	0.672965
2565	1	1410.2	1410.29	1410.25	2641	0.0103212	0.0128491	0.275294	0.303227	0.714384	0.683924
2565	2	1410.29	1410.38	1410.34	2572	0.0105092	0.0123477	0.286466	0.319306	0.703025	0.668346
2565	3	1410.38	1410.48	1410.43	2574	0.0104454	0.0124893	0.309353	0.32353	0.680201	0.663981
2565	4	1410.48	1410.57	1410.52	2686	0.0104133	0.0120435	0.288671	0.310532	0.700916	0.677424
2565	5	1410.57	1410.66	1410.61	1844	0.011579	0.0155568	0.300269	0.32609	0.688152	0.658354
2565	6	1410.66	1410.75	1410.7	3100	0.0119876	0.0147774	0.295569	0.294242	0.692444	0.69098
2596	1	1427.25	1427.34	1427.3	2642	0.0102027	0.0123845	0.31212	0.338421	0.677677	0.649195
2596	2	1427.34	1427.43	1427.39	2217	0.00904096	0.0120994	0.330743	0.349486	0.660217	0.638415
2596	3	1427.43	1427.53	1427.48	2562	0.00960673	0.0116279	0.297556	0.336687	0.692837	0.651685
2596	4	1427.53	1427.62	1427.57	2706	0.00979203	0.0122442	0.303042	0.321483	0.687166	0.666273
2596	5	1427.62	1427.71	1427.66	2625	0.00914363	0.0116316	0.309106	0.32731	0.68175	0.661059
2596	6	1427.71	1427.8	1427.75	2820	0.00991529	0.01308	0.280244	0.30726	0.709841	0.67966
2600	1	1429.45	1429.54	1429.5	2104	0.00944693	0.0108428	0.302522	0.320085	0.688031	0.669072
2600	2	1429.54	1429.63	1429.59	1036	0.0186395	0.0287744	0.291729	0.294229	0.689632	0.676996
2600	3	1429.63	1429.73	1429.68	2707	0.00938752	0.0117052	0.301349	0.325152	0.689263	0.663143
2626	1	1443.75	1443.84	1443.8	2585	0.0136797	0.0155854	0.288986	0.319444	0.697335	0.664971
2626	2	1443.84	1443.93	1443.89	2521	0.012595	0.0150303	0.301426	0.319332	0.685979	0.665637
2626	3	1443.93	1444.03	1443.98	2371	0.0111836	0.0148737	0.3067	0.337399	0.682116	0.647727
2626	4	1444.03	1444.12	1444.07	2634	0.0114721	0.015744	0.318308	0.316587	0.67022	0.667669
2626	5	1444.12	1444.21	1444.16	2391	0.0123113	0.0147649	0.316482	0.331245	0.671207	0.65399
2626	6	1444.21	1444.3	1444.25	2539	0.0118472	0.0156256	0.330823	0.319026	0.657329	0.665348
2635	1	1448.7	1448.79	1448.75	1969	0.00973616	0.0117896	0.268347	0.297104	0.721917	0.691107
2635	2	1448.79	1448.88	1448.84	3240	0.0100058	0.0125004	0.299675	0.29525	0.690319	0.692249
2635	3	1448.88	1448.98	1448.93	2749	0.00903056	0.0112725	0.299765	0.310017	0.691204	0.67871
2635	4	1448.98	1449.07	1449.02	3026	0.00866171	0.00956109	0.29425	0.31143	0.697089	0.679009
2635	5	1449.07	1449.16	1449.11	3145	0.00871447	0.0102575	0.292916	0.30253	0.69837	0.687213
2635	6	1449.16	1449.25	1449.2	3239	0.00929642	0.0116496	0.289818	0.301987	0.700885	0.686364
2666	1	1465.75	1465.84	1465.8	2178	0.0139353	0.0183375	0.282291	0.331028	0.703774	0.650634
2666	2	1465.84	1465.93	1465.89	2717	0.0135955	0.0163073	0.300536	0.330881	0.685868	0.652812
2666	3	1465.93	1466.03	1465.98	3180	0.0155468	0.0200798	0.293769	0.308009	0.690684	0.671911
2666	4	1466.03	1466.12	1466.07	2990	0.0160518	0.0187938	0.296512	0.319415	0.687436	0.661792
2666	5	1466.12	1466.21	1466.16	2525	0.0120983	0.0141884	0.303261	0.334499	0.684641	0.651313
2666	6	1466.21	1466.3	1466.25	2864	0.0135631	0.0168322	0.298462	0.321791	0.687975	0.661377
2696	1	1482.25	1482.34	1482.3	2348	0.0153764	0.0217104	0.299519	0.330589	0.685104	0.6477
2696	2	1482.34	1482.43	1482.39	2475	0.0132927	0.0153725	0.315202	0.333307	0.671506	0.65132
2696	3	1482.43	1482.53	1482.48	2533	0.0134635	0.0152679	0.306371	0.343789	0.680165	0.640943
2696	4	1482.53	1482.62	1482.57	2341	0.0130188	0.0161886	0.290449	0.323727	0.696533	0.660085
2696	5	1482.62	1482.71	1482.66	2713	0.0147248	0.0175395	0.282484	0.310728	0.702791	0.671733
2696	6	1482.71	1482.8	1482.75	2856	0.014504	0.0173628	0.305357	0.328335	0.680139	0.654302
2726	2	1498.84	1498.93	1498.89	2574	0.012112	0.0147994	0.334193	0.312818	0.653695	0.672383
2726	3	1498.93	1499.03	1498.98	2250	0.011902	0.0138153	0.334193	0.312818	0.653695	0.672383
2726	4	1499.03	1499.12	1499.07	2497	0.0120142	0.0132596	0.31656	0.310496	0.671538	0.675689
2726	5	1499.12	1499.21	1499.16	2434	0.0120306	0.0155214	0.350579	0.312382	0.637407	0.674358
2726	6	1499.21	1499.3	1499.25	2503	0.0116513	0.0142339	0.381909	0.320051	0.60606	0.664428
2756	1	1515.25	1515.34	1515.3	2588	0.011899	0.0150355	0.354849	0.31081	0.6335	0.674956
2756	2	1515.34	1515.43	1515.39	2385	0.0101783	0.0120252	0.341864	0.329277	0.646237	0.655688
2756	3	1515.43	1515.53	1515.48	2683	0.0112705	0.0121976	0.366195	0.334357	0.623627	0.653618
2756	4	1515.53	1515.62	1515.57	2275	0.0101817	0.0122769	0.322246	0.296818	0.666483	0.690984
2756	5	1515.62	1515.71	1515.66	2562	0.0120266	0.0137083	0.340469	0.318638	0.64935	0.669085
2756	6	1515.71	1515.8	1515.75	2370	0.0104792	0.011574	0.339667	0.327485	0.648307	0.658807
2786	1	1531.75	1531.84	1531.8	3036	0.0108215	0.0135154	0.349051	0.32598	0.64047	0.662446
2786	2	1531.84	1531.93	1531.89	2745	0.00973033	0.0115285	0.288492	0.313375	0.700687	0.673109
2786	3	1531.93	1532.03	1531.98	2525	0.00953739	0.0107229	0.286433	0.321243	0.703837	0.667229
2786	4	1532.03	1532.12	1532.07	2744	0.00985514	0.0119383	0.291884	0.327076	0.698579	0.662201
2786	5	1532.12	1532.21	1532.16	2803	0.00961942	0.0115515	0.271543	0.30438	0.718602	0.683681
2786	6	1532.21	1532.3	1532.25	3238	0.0114098	0.0136881	0.280219	0.314939	0.710162	0.67351
2817	1	1548.8	1548.89	1548.85	3584	0.0104709	0.0123137	0.261788	0.29261	0.726803	0.693702
2817	2	1548.89	1548.98	1548.94	3034	0.0181134	0.0199757	0.278451	0.276765	0.711078	0.710921
2817	3	1548.98	1549.08	1549.03	3418	0.0108122	0.0111427	0.287065	0.2828	0.694821	0.697225
2817	4	1549.08	1549.17	1549.12	3139	0.0171597	0.0183357	0.276448	0.273483	0.712739	0.715375
2817	5	1549.17	1549.26	1549.21	3084	0.0115272	0.0120514	0.285602	0.285771	0.697239	0.695893
2817	6	1549.26	1549.35	1549.3	3470	0.0118086	0.0129208	0.312955	0.295845	0.675518	0.692104
2846	1	1564.75	1564.84	1564.8	2165	0.0116237	0.0140231	0.284968	0.278715	0.703223	0.708364
2846	2	1564.84	1564.93	1564.89	2580	0.0120996	0.0151484	0.326339	0.319103	0.662038	0.666874
2846	3	1564.93	1565.03	1564.98	2762	0.0126947	0.0145094	0.348995	0.331056	0.638905	0.653796
2846	4	1565.03	1565.12	1565.07	2851	0.0127562	0.0151839	0.307857	0.306855	0.679449	0.678635
2846	5	1565.12	1565.21	1565.16	2920	0.0130251	0.016379	0.312874	0.310716	0.674369	0.6741
2846	6	1565.21	1565.3	1565.25	2597	0.0124532	0.0170562	0.32981	0.323231	0.657165	0.66039
2876	1	1581.25	1581.34	1581.3	2462	0.010687	0.0126292	0.346902	0.329472	0.640644	0.653472
2876	2	1581.34	1581.43	1581.39	2615	0.0113897	0.0142245	0.29645	0.334429	0.692864	0.652942
2876	3	1581.43	1581.53	1581.48	2711	0.0106319	0.0132058	0.301403	0.334796	0.687208	0.650979
2876	4	1581.53	1581.62	1581.57	2860	0.0115793	0.0154469	0.269595	0.315034	0.719773	0.67176
2876	5	1581.62	1581.71	1581.66	2823	0.0116198	0.0163386	0.27734	0.307659	0.711081	0.676895
2876	6	1581.71	1581.8	1581.75	2867	0.0111439	0.0142084	0.30415	0.312075	0.684231	0.671586
2906	1	1597.75	1597.84	1597.8	2087	0.0111485	0.0151002	0.304527	0.323394	0.684329	0.662398
2906	2	1597.84	1597.93	1597.89	1874	0.0106347	0.0123849	0.33682	0.362215	0.652031	0.622685
2906	3	1597.93	1598.03	1597.98	2342	0.0120104	0.0134695	0.322617	0.358147	0.666748	0.629468
2906	4	1598.03	1598.12	1598.07	2028	0.0117329	0.0125553	0.354347	0.361933	0.633643	0.624597
2906	5	1598.12	1598.21	1598.16	1906	0.0099312	0.0109799	0.329531	0.36081	0.658736	0.626634
2906	6	1598.21	1598.3	1598.25	2018	0.0101003	0.0120009	0.318686	0.349011	0.671214	0.638988
2936	1	1614.25	1614.34	1614.3	3046	0.0135277	0.0157301	0.322063	0.323998	0.664409	0.660272
2936	2	1614.34	1614.43	1614.39	3252	0.013622	0.0166549	0.377127	0.348521	0.609251	0.634825
2936	3	1614.43	1614.53	1614.48	2843	0.0124837	0.0143483	0.342134	0.327373	0.645382	0.658279
2936	4	1614.53	1614.62	1614.57	2827	0.0121274	0.0137228	0.34287	0.326894	0.645003	0.659383
2936	5	1614.62	1614.71	1614.66	2851	0.0121248	0.0158636	0.368032	0.33338	0.619843	0.650757
2936	6	1614.71	1614.8	1614.75	3106	0.0128285	0.0150385	0.325846	0.31854	0.661326	0.666421
2966	1	1630.75	1630.84	1630.8	2629	0.0137752	0.0169475	0.301008	0.309249	0.685216	0.673803
2966	2	1630.84	1630.93	1630.89	2775	0.0139209	0.0163568	0.302616	0.308215	0.683464	0.675428
2966	3	1630.93	1631.03	1630.98	2740	0.013193	0.0169106	0.300414	0.321722	0.686393	0.661367
2966	4	1631.03	1631.12	1631.07	2522	0.0122993	0.0152036	0.321365	0.332088	0.666336	0.652709
2966	5	1631.12	1631.21	1631.16	2482	0.0117483	0.0132314	0.321365	0.332088	0.666336	0.652709
2966	6	1631.21	1631.3	1631.25	2544	0.0119369	0.0158058	0.303809	0.320215	0.684443	0.666554
2997	1	1647.8	1647.89	1647.85	4106	0.0163627	0.0179553	0.334964	0.349761	0.653099	0.634434
2997	2	1647.89	1647.98	1647.94	4108	0.0171262	0.0193359	0.274598	0.271012	0.709039	0.711032
2997	3	1647.98	1648.08	1648.03	4550	0.0160464	0.0185243	0.295392	0.281248	0.687482	0.699416
2997	4	1648.08	1648.17	1648.12	3932	0.0169748	0.0196157	0.288082	0.282521	0.695871	0.698955
2997	5	1648.17	1648.26	1648.21	3857	0.0159837	0.018044	0.295884	0.286864	0.687141	0.693521
2997	6	1648.26	1648.35	1648.3	3892	0.0146419	0.0168719	0.298838	0.283424	0.685179	0.698532
3027	1	1664.3	1664.39	1664.35	2335	0.0114427	0.0131922	0.281767	0.271887	0.703591	0.711241
3027	2	1664.39	1664.48	1664.44	2628	0.0135136	0.0141993	0.322242	0.343691	0.666315	0.643116
3027	3	1664.48	1664.58	1664.53	2264	0.0119237	0.0142733	0.304064	0.302424	0.682422	0.683377
3027	4	1664.58	1664.67	1664.62	2949	0.0155118	0.0183268	0.315589	0.309662	0.672488	0.676065
3027	5	1664.67	1664.76	1664.71	2490	0.0125041	0.0145283	0.295372	0.303994	0.689116	0.677679
3027	6	1664763	1664855	1664.8	2973	0.0148196	0.0172075	0.309688	0.318869	0.677808	0.666603
3056	1	1680.25	1680.34	1680.3	3007	0.0147447	0.0163503	0.31491	0.300627	0.670271	0.682166
3056	2	1680.34	1680.43	1680.39	3084	0.015127	0.0163587	0.322476	0.303579	0.662779	0.68007
3056	3	1680.43	1680.53	1680.48	3129	0.0137228	0.0148389	0.296854	0.295971	0.688019	0.68767
3056	4	1680.53	1680.62	1680.57	3009	0.0132437	0.0151131	0.282133	0.286287	0.704144	0.698874
3056	5	1680.62	1680.71	1680.66	3397	0.0145354	0.0157679	0.30576	0.306159	0.680996	0.678728
3056	6	1680.71	1680.8	1680.75	2632	0.0149628	0.0155215	296	0.292551	0.689465	0.691681
3086	1	1696.75	1696.84	1696.8	3266	0.0129584	0.0161478	0.327945	0.313859	0.657092	0.67062
3086	2	1696.84	1696.93	1696.89	3585	0.0104572	0.0115895	0.278184	0.280366	0.708858	0.703487
3086	3	1696.93	1697.03	1696.98	3748	0.0107439	0.0121964	0.281491	0.273092	0.708051	0.715318
3086	4	1697.03	1697.12	1697.07	3461	0.0109583	0.012236	0.260232	0.27265	0.729024	0.715153
3086	5	1697.12	1697.21	1697.16	3635	0.0111941	0.0123466	0.262694	0.268849	0.726348	0.718915
3086	6	1697.21	1697.3	1697.25	3649	0.0104174	0.0122563	0.265484	0.265941	0.723322	0.721712
3117	1	1713.8	1713.89	1713.85	2497	0.0153159	0.0186542	0.260928	0.271382	0.728654	0.716362
3117	2	1713.89	1713.98	1713.94	2308	0.0145771	0.0155391	0.345898	0.341255	0.638786	0.640091
3117	3	1713.98	1714.08	1714.03	2200	0.0129823	0.0145207	0.355548	0.363126	0.629875	0.621335
3117	4	1714.08	1714.17	1714.12	2530	0.0149721	0.0183298	0.330348	0.336419	0.65667	0.649061
3117	5	1714.17	1714.26	1714.21	2340	0.0131671	0.0159437	0.319412	0.321437	0.665616	0.660233
3117	6	1714.26	1714.35	1714.3	2177	0.0142279	0.0167534	0.33029	0.336595	0.656543	0.647461
